FHH,kety,dd,25485,fbb,925874654,1/2/2022,FGG,RRR,hghjg
FHH,kety,dd,25485,fbb,925874654,1/2/2022,FGG,RRR,hghjg
FHH,kety,dd,25485,fbb,925874654,1/2/2022,FGG,RRR,hghjg
FHH,kety,dd,25485,fbb,925874654,1/2/2022,FGG,RRR,hghjg
FHH,kety,dd,25485,fbb,925874654,1/2/2022,FGG,RRR,hghjg
FHH,kety,dd,25485,fbb,925874654,1/2/2022,FGG,RRR,hghjg
FHH,kety,dd,25485,fbb,925874654,1/2/2022,FGG,RRR,hghjg
FHH,kety,dd,25485,fbb,925874654,1/2/2022,FGG,RRR,hghjg
FHH,kety,dd,25485,fbb,925874654,1/2/2022,FGG,RRR,hghjg
FHH,kety,dd,25485,fbb,925874654,1/2/2022,FGG,RRR,hghjg
FHH,kety,dd,25485,fbb,925874654,1/2/2022,FGG,RRR,hghjg
FHH,kety,dd,25485,fbb,925874654,1/2/2022,FGG,RRR,hghjg
FHH,kety,dd,25485,fbb,925874654,1/2/2022,FGG,RRR,hghjg
FHH,kety,dd,25485,fbb,925874654,1/2/2022,FGG,RRR,hghjg
FHH,kety,dd,25485,fbb,925874654,1/2/2022,FGG,RRR,hghjg
FHH,kety,dd,25485,fbb,925874654,1/2/2022,FGG,RRR,hghjg
